,src_poster,tgt_post,count(src_user),reposts_x_followers
1267415,3050,91834,154772,14213331848
1620608,295,31172,370132,11537754704
1682876,6563,26670,359691,9592958970
1822662,3117,87540,100942,8836462680
789702,22689,156770,54885,8604321450
1192785,3260,63893,123520,7892063360
51314,284,86532,87220,7547321040
1331077,213,44005,167340,7363796700
6413,22403,70407,90651,6382464957
904639,4928,34569,182497,6308738793
1361716,3838,17935,351250,6299668750
1193504,6729,25569,234380,5992862220
308684,172,44275,109472,4846872800
658108,23546,99165,48598,4819220670
887439,24513,89743,52212,4685661516
455482,183078,51681,90246,4664003526
1014279,22665,112723,38943,4389771789
1389652,190,34448,126307,4351023536
379564,3188,39454,105597,4166224038
258895,22374,35157,116589,4098919473
500857,3311,61402,65327,4011208454
767152,157,17327,230927,4001272129
601054,28359,120700,31634,3818223800
456112,431,22956,163830,3760881480
532834,81,12019,306859,3688138321
1512955,3123,13801,261195,3604752195
526275,3229,46238,77098,3564857324
1227064,6818,114617,29873,3423953641
1610854,383,19278,177571,3423213738
56214,3200,18866,180893,3412727338
848689,28,10293,329089,3387313077
1235095,44700,49421,68492,3384943132
387705,2375,16638,196643,3271746234
696673,6145,29053,112554,3270031362
609435,3223,29521,109119,3221301999
1348426,134,4199,764626,3210664574
239648,6266,40600,78043,3168545800
1783898,3280,28947,108644,3144917868
322231,873368,116054,26848,3115817792
1097878,12314,41859,74059,3100035681
388394,201805,117266,26347,3089607302
1698085,15986,41733,73958,3086489214
1160592,21571,204099,14827,3026175873
645356,3173,16190,175312,2838301280
988967,7077,80111,35188,2818945868
903401,16069,143179,19628,2810317412
235420,12283,43223,64671,2795274633
275958,24661,81829,34121,2792087309
32025,276166,62461,42732,2669083452
788484,163332,73868,35773,2642479964
728627,3015,14323,184476,2642249748
1759402,4508,20437,128490,2625950130
428699,3083,90161,29064,2620439304
836258,3068,41914,62129,2604074906
368722,1142,33579,77005,2585750895
1076950,466608,113947,22439,2556856733
1546534,104088,94195,27025,2545619875
452798,6568,29452,86178,2538114456
1112794,6084,26969,93613,2524648997
1700181,224968,110056,22386,2463713616
1264184,98429,101934,24159,2462623506
1493412,15942,60002,40861,2451741722
1734190,46199,67327,36249,2440536423
522065,24600,101444,23923,2426844812
859176,433577,114258,21058,2406044964
99789,7216,57163,42034,2402789542
404845,22686,96203,24910,2396416730
1210980,22726,102685,23287,2391225595
935881,444860,62813,37421,2350525273
1487433,4947,25909,90471,2344013139
335372,12876,90934,25725,2339277150
1764735,64300,80036,29147,2332809292
646084,3453,103221,22413,2313492273
1504040,2713,10436,219741,2293217076
21703,188627,71325,31899,2275196175
79106,1257,80,28062787,2245022960
1308208,5015,86703,25633,2222457999
1156346,6258,28324,78236,2215956464
1469803,115,2161,1013635,2190465235
262387,24682,33670,63966,2153735220
292573,69545,108371,19820,2147913220
1356265,44708,37162,57020,2118977240
625645,53990,108345,19487,2111319015
523026,7750,60546,34806,2107364076
648579,41236,105732,19754,2088629928
1550319,809556,60936,34249,2086997064
85940,389,3585,576052,2065146420
469763,62893,69068,29558,2041511944
915665,525174,110347,18272,2016260384
867678,63394,184789,10837,2002558393
882388,140554,42972,46392,1993557024
553116,2434,23780,83364,1982395920
138579,8045,60574,32680,1979558320
1130139,204061,105809,18677,1976194693
1409633,451579,125122,15695,1963789790
925109,187698,64752,29515,1911155280
523765,32256,27601,68155,1881146155
1129560,16024,42341,44160,1869778560
857466,22817,92858,20015,1858552870
265868,7043,120124,15348,1843663152
